,artists,popularity,follower
0,CarlyPearce,66,291523
1,DaBaby,84,10530730
2,RunTheJewels,63,1018313
3,DariusRucker,68,2367283
4,LuisFonsi,77,10871938
5,StarBoi3,55,26797
6,JuicyJ,76,2992622
7,MOGUAI,56,99578
8,RynWeaver,54,221681
9,YoungStonerLife,66,103670
10,GAYLE,71,556577
11,ChaseAtlantic,82,4474021
12,Disclosure,75,2092041
13,NathanielRateliff&TheNightSweats,63,568817
14,TylerFarr,53,698890
15,BurlIves,65,82167
16,KontraK,74,2080693
17,TheLowdownDrifters,49,15094
18,Solkatt,34,17796
19,JakeOwen,67,1840753
20,AndrewMcMahonintheWilderness,53,181686
21,SleazyWorldGo,67,129020
22,JazmineSullivan,66,1879737
23,NickiMinaj,87,27363454
24,88rising,70,879264
25,HarryStyles,91,26010213
26,ChancetheRapper,76,5819538
27,KanyeWest,92,19307755
28,CharliePuth,84,19389814
29,DenzelCurry,76,2258018
30,Metallica,84,23760177
31,LukasGraham,74,2032822
32,IrSais,59,76060
33,Gotye,69,2338154
34,BritneySpears,83,11900440
35,EdisonLighthouse,61,38705
36,KelseaBallerini,72,966914
37,SarahCothran,61,272354
38,Queen,87,45255240
39,GoldLink,68,827720
40,JesyNelson,43,39793
41,SaidTheSky,61,262240
42,PharrellWilliams,82,4123902
43,HARDY,78,303459
44,KSI,71,2533129
45,EttaJames,69,1439725
46,GnarlsBarkley,66,475520
47,BonnieTyler,68,1659423
48,KennyLoggins,70,933528
49,WATTS,44,7725
50,MatyNoyes,55,271695
51,SimpleMinds,68,1711654
52,MariahCarey,81,8637356
53,SmashMouth,67,923991
54,KYLE,67,1028510
55,SarahConnor,62,1037037
56,LouisTheChild,65,454294
57,DollyParton,74,2042584
58,DanteKlein,51,32329
59,ianndior,76,1684684
60,Sia,86,25650409
61,TheClash,72,2468873
62,ToveLo,77,3274709
63,TheophilusLondon,54,156525
64,Eyedress,75,1097437
65,Anne-Marie,80,10588271
66,KeyGlock,77,1463163
67,Smokepurpp,63,2439172
68,SevynStreeter,60,1295612
69,YoGotti,69,4123296
70,GabbyBarrett,66,258366
71,100gecs,62,481992
72,JnrChoi,61,56720
73,Axwell/\Ingrosso,67,2431453
74,EmBeihold,78,289059
75,AustynJohnson,47,5952
76,AndréAires,32,9749
77,MUNA,62,262527
78,GavinDeGraw,64,1250587
79,Bizarrap,90,9149033
80,RickRoss,79,6585795
81,Future,92,13098145
82,Eagles,78,9118367
83,EllaMai,73,4822272
84,TVGirl,78,1746642
85,TOOL,71,3004691
86,EltonJohn,86,10989999
87,BenRector,63,337332
88,JoynerLucas,72,1992462
89,DoeBoy,60,208325
90,JohnnyMathis,61,364111
91,GleeCast,73,1499675
92,BeckyG,80,13053714
93,SeanKingston,71,2935802
94,Jidenna,55,352044
95,TWENTY88,50,522939
96,RoddyRicch,82,8941692
97,MarcE.Bassy,63,407974
98,PoloG,85,9081726
99,RowdyRebel,58,136119
100,MarkRonson,77,994039
101,MaryLambert,52,108238
102,NormanGreenbaum,58,60354
103,Wallows,73,2481096
104,MuraMasa,65,634731
105,PoohShiesty,72,1089285
106,G-Eazy,77,5135122
107,CheddaDaConnect,0,22
108,DoveCameron,75,4022149
109,OwlCity,71,2314300
110,JoJo,64,2259950
111,Jeezy,72,2285410
112,MaliibuNHelene,23,3040
113,BankrollFresh,51,564162
114,YoungDolph,76,2380320
115,PnBRock,73,3699084
116,PorkySlim,0,291
117,JanaKramer,50,435633
118,Auli'iCravalho,66,101544
119,Bahari,54,168325
120,BeeGees,79,6522224
121,KatyPerry,86,25168548
122,Eurythmics,70,1664784
123,MARINA,76,4363187
124,CheatCodes,73,2149243
125,CarinLeon,86,5470686
126,JackGarratt,49,354171
127,EslabonArmado,80,3376304
128,MilkyChance,74,1736325
129,LianaFlores,69,165705
130,CJ,65,215282
131,MartinGarrix,79,15721801
132,LPBPoody,53,116258
133,SofiTukker,69,643626
134,JenniferWarnes,64,68227
135,Whethan,66,255815
136,KayFlock,70,398638
137,Halsey,85,19445284
138,DermotKennedy,77,1273937
139,JayCritch,63,675204
140,KennyRogers,70,2368925
141,Run–D.M.C.,63,1204223
142,KaylaNicole,54,84478
143,ChaSe-Eun,58,1335
144,"Bobby""Boris""Pickett",42,17621
145,BigGrams,35,67439
146,RichTheKid,70,2976397
147,MasonRamsey,50,142802
148,InternetMoney,73,693536
149,JoyAgain,65,213250
150,NAV,77,3214236
151,FreddieDredd,80,1374797
152,KristenBell,67,80475
153,MobbDeep,69,1763567
154,Xomusicman,1,66
155,VicenteFernández,78,8445721
156,JorjaSmith,73,3015550
157,BackstreetBoys,78,5002986
158,R3HAB,79,2441966
159,JonPardi,73,1590538
160,GlassAnimals,80,3645852
161,$ilkMoney,52,54684
162,YNWMelly,75,8492802
163,jxdn,65,967072
164,MarlonRoudette,54,88656
165,LILMONSTRZ,37,26678
166,Panic!AtTheDisco,80,11689310
167,Miramare,45,1290
168,AmyKayASMR,34,3248
169,TheScript,75,7718025
170,LauraWelsh,44,35466
171,"""JosephAndTheAmazingTechnicolorDreamcoat""1992CanadianCast",43,1508
172,BobbyMcFerrin,59,195679
173,220KID,64,20156
174,OliviaNewton-John,70,1286701
175,TheWhiteStripes,73,2798186
176,IconaPop,68,692548
177,FooFighters,80,10644928
178,BrittanyHoward,52,195203
179,Audioslave,70,4037843
180,J.Cole,88,19199065
181,TaiVerdes,71,717755
182,Bastille,76,5267223
183,ZeeAvi,44,78870
184,TaylorSwift,99,67786574
185,JuiceWRLD,92,27763849
186,TheGooGooDolls,73,2436510
187,Madcon,64,426799
188,BigGigantic,58,247072
189,LuckyDaye,70,499455
190,StateofSound,40,45795
191,MotherMother,75,3248150
192,YKOsiris,58,1536324
193,Noname,56,649940
194,RachelPlatten,64,858015
195,SheffG,72,821367
196,StevieWonder,78,5977910
197,EllieNelson,23,221
198,LilYachty,82,8770809
199,RyanGosling,58,44444
200,RichBrian,72,2133091
201,Gryffin,74,896864
202,MatyNoyes,55,271695
203,Ashnikko,71,1864460
204,FreddieGibbs,70,1112989
205,YahritzaYSuEsencia,66,409340
206,JPSaxe,70,405520
207,JohnPrine,62,475469
208,SofíaReyes,70,2833214
209,Mooski,47,42513
210,Robyn,63,800876
211,BuffaloSpringfield,64,709356
212,Riton,69,107603
213,Grouplove,66,1126518
214,5SecondsofSummer,80,9171272
215,EllaFitzgerald,72,2243257
216,DominicFike,75,1019335
217,SpotemGottem,58,422226
218,HouseOfPain,62,556398
219,ChrisLane,63,898191
220,ShordieShordie,60,185893
221,AlinaBaraz,69,1251194
222,TheBackseatLovers,70,400182
223,LISTENBEE,44,45754
224,NebuKiniza,55,353277
225,JamesNewtonHoward,65,303047
226,BillieEilish,90,76292431
227,WhoHeem,48,29573
228,EmeliSandé,66,2237867
229,EllaHenderson,76,1506137
230,BeachBunny,70,1096656
231,CigarettesAfterSex,83,6214156
232,CamilaCabello,83,29372035
233,MikePosner,72,1328511
234,MaskedWolf,69,648614
235,$uicideboy$,88,5149342
236,Mustard,75,1033451
237,StoneTemplePilots,69,3117891
238,CharlesPerry,25,3667
239,NioGarcia,74,4345356
240,Deorro,68,1215503
241,Rockwell,58,45678
242,BigSean,80,10457102
243,BaileyZimmerman,76,379344
244,Dantès,26,215
245,ChrisBrown,90,18476062
246,ZaraLarsson,78,10370533
247,YingYangTwins,65,983775
248,EastonCorbin,61,911314
249,Nelly,77,2340560
250,Alexdakidd,0,11
251,RapNationMixtapes,0,63
252,Macklemore&RyanLewis,75,2606224
253,MileyCyrus,92,19667256
254,LeeBrice,72,1944645
255,TheVamps,71,5553119
256,MomentsofClarity,54,3157
257,WalkerHayes,68,573590
258,PVRIS,65,624962
259,BTS,93,61200956
260,Loote,63,205012
261,ayokay,57,167022
262,Krewella,59,924163
263,BrendaLee,70,302480
264,LostKings,61,385263
265,NattiNatasha,76,8824897
266,IggyAzalea,71,6264333
267,CalumScott,79,4901103
268,Snakehips,64,348114
269,KaneBrown,76,4634243
270,HughJackman,69,573045
271,TinyMeatGang,52,383231
272,CHVRCHES,66,1336749
273,NinaNesbitt,64,326785
274,TOMORROWXTOGETHER,83,7498128
275,Clairo,77,3730424
276,Tohi,39,50773
277,ArcticMonkeys,89,18448902
278,NoahSchnacky,50,147641
279,Nigo,60,70433
280,CarlosVives,77,5794156
281,MaggieRogers,71,901323
282,Eve,69,1191426
283,LouMonte,42,9005
284,NewJeans,87,2189567
285,KoeWetzel,72,448879
286,Avicii,83,22555761
287,Gunna,86,4971307
288,GloRilla,71,188472
289,RileyGreen,67,510123
290,NickJonas,67,8738935
291,TomPettyandtheHeartbreakers,69,2456106
292,RAYE,84,725320
293,LaLaLandCast,50,11911
294,DierksBentley,71,2966189
295,BillWithers,73,1433955
296,VicenteFernández,78,8445721
297,FosterThePeople,73,3623551
298,BROCKHAMPTON,71,2075632
299,PorterRobinson,65,1050548
300,WavyVibez,4,7
301,Adele,88,46304296
302,ColemanHell,48,68243
303,MarianHill,56,460407
304,JoséFeliciano,69,329757
305,DJLuian,77,1815109
306,DJSuedeTheRemixGod,16,15
307,LynyrdSkynyrd,74,4467708
308,Aly&AJ,61,631140
309,ToriKelly,68,2089658
310,lentra,57,28048
311,BonIver,77,3360085
312,BenjaminFrancisLeftwich,54,320161
313,ThurlRavenscroft,55,5077
314,HudsonThames,38,13514
315,LeninRamírez,74,2460703
316,AntSaunders,53,85174
317,QuinnXCII,72,739785
318,ElvisPresley,82,7856344
319,DaeDaeNiggaa,19,288
320,JID,80,1140193
321,ArizonaZervas,69,703312
322,TheBeatles,86,24620248
323,N.W.A.,68,4740353
324,ERNEST,67,62768
325,ToryLanez,84,5148687
326,LilTecca,79,5752907
327,BENEE,69,737136
328,HannahKerr,49,39969
329,ColdWarKids,62,808923
330,ArcadeFire,67,2170636
331,Gunna,86,4971307
332,JessGlynne,74,2905997
333,TwentyOnePilots,82,23221266
334,LoudLuxury,72,601598
335,BigRedMachine,57,140675
336,JackJohnson,78,3562389
337,K/DA,67,1828405
338,EricClapton,73,5227153
339,AndyGrammer,72,1123249
340,FionaApple,65,1127902
341,JaneZhang,47,71649
342,Stanaj,44,59931
343,HomixideGang,65,91361
344,ZeXzy,37,25344
345,RedVelvet,76,8092987
346,JellyRoll,74,1798905
347,KodakBlack,84,8979217
348,NipseyHussle,69,3050090
349,FelixJaehn,77,1264404
350,FloridaGeorgiaLine,77,5104731
351,LittleMix,78,11153116
352,JordanSmith,51,88694
353,DDG,67,926572
354,ElleKing,69,536009
355,SoMo,58,692968
356,ChrisRea,65,849484
357,Fences,31,42047
358,JoelCorry,78,325881
359,MacMiller,86,8570657
360,JIN,73,4940114
361,Aaliyah,69,3671323
362,MattSimons,63,208852
363,carolesdaughter,57,179629
364,SiR,67,792578
365,Smallpools,55,235496
366,Stunna4Vegas,61,781591
367,Coolio,72,832987
368,Belly,64,233286
369,RichHomieQuan,66,2711773
370,BillyJoel,78,4931539
371,RustedRoot,59,185933
372,Desiigner,65,3440379
373,lovelytheband,64,382782
374,347aidan,70,406962
375,Sigala,76,1516568
376,PierceTheVeil,76,2305756
377,EmmaStone,59,35732
378,Disturbed,76,5802083
379,Fabolous,69,2485121
380,TrinidadCardona,65,178208
381,ChadLawson,59,42636
382,BennyTheButcher,67,300888
383,DavidBowie,80,9083217
384,TheDrifters,62,456963
385,GaylaPeevey,50,4142
386,HandsomeGhost,43,71633
387,LukeChristopher,50,168340
388,GeorgeEzra,77,3934611
389,RussellDickerson,68,421395
390,NiykeeHeaton,55,498088
391,DianaKrall,66,1018767
392,TheCarters,58,1504363
393,ATribeCalledQuest,69,1831517
394,PeggyLee,62,391829
395,VanceJoy,78,2765345
396,SwedishHouseMafia,78,3657886
397,Ozuna,91,35529443
398,TylerChilders,78,1597671
399,MichaelJackson,84,26002422
400,GeneAutry,61,57929
401,YungZime,35,1695
402,Sheppard,64,279393
403,ElleyDuhé,79,393255
404,CanaanSmith,51,328871
405,TheLivingTombstoneYT,15,1
406,OMI,66,605471
407,Marshmello,84,34843958
408,Jeremih,76,6153152
409,YoungMoney,65,2764250
410,DonToliver,84,2555685
411,OnlyTheFamily,65,312519
412,StevieNicks,67,1128065
413,BrettYoung,70,968502
414,Seeb,70,329486
415,Pentatonix,72,3515616
416,MEDUZA,79,597989
417,ChildishGambino,81,10439919
418,quinnie,54,75889
419,EliYoungBand,63,780758
420,Shakin'Stevens,62,124522
421,BØRNS,69,1118843
422,ABBA,82,9650782
423,Train,74,4221771
424,Screamin'JayHawkins,42,94976
425,JoshGad,63,28784
426,ChrisStapleton,79,5270841
427,Blvckengineer,29,17066
428,TonyDeSare,31,4893
429,"GroverWashington,Jr.",65,284949
430,6LACK,77,3970595
431,SlicktorVictor,15,1373
432,InTh3FamilyITrust,13,45
433,SheckWes,67,1388639
434,NewPolitics,49,285190
435,Muse,78,7342699
436,VanMorrison,74,2739181
437,DwayneJohnson,63,271579
438,SnoopDogg,85,9259172
439,FuerzaRegida,87,2390478
440,PesoPluma,85,674295
441,BRSKash,48,32565
442,A$APRocky,84,11845115
443,bennyblanco,75,1029644
444,Smino,72,761549
445,JenniferLopez,78,12300171
446,LifeofDillon,42,35987
447,CurtisWaters,54,82760
448,GASHI,60,232342
449,DJDS,44,13124
450,skimasktheslumpgod,0,13
451,AliciaKeys,79,10415981
452,ManfredMann'sEarthBand,57,378152
453,M83,73,2180145
454,PrinceRoyce,78,7532723
455,SALES,63,517609
456,THEANXIETY,64,153525
457,JENNIE,63,3033681
458,RosaLinn,78,211544
459,BabyTate,74,275358
460,HotelUgly,78,216724
461,"HarryConnick,Jr.",55,483830
462,KendrickLamar,91,22908166
463,TheRollingStones,80,12600368
464,BradleyCooper,72,221185
465,Rob$tone,62,244422
466,TheBackyardigans,45,113589
467,IdinaMenzel,72,412354
468,UsTheDuo,54,425767
469,HRVY,67,1628827
470,CreedenceClearwaterRevival,80,5560141
471,CashCash,65,675315
472,alt-J,72,3115883
473,NickyYoure,74,118762
474,MetroBoomin,92,3709323
475,SoftCell,65,584667
476,ScHoolboyQ,74,4396002
477,KristinChenoweth,59,154471
478,HarrySimeoneChorale,43,4187
479,Matoma,68,724910
480,MeekMill,77,6923278
481,TyDolla$ign,83,4509479
482,LilPump,68,7954981
483,RosaWalton,63,12448
484,AFROJACK,75,3959214
485,O.T.Genasis,56,986930
486,SNBRN,51,103427
487,VinceGuaraldiTrio,65,127726
488,LordHuron,74,1184421
489,RodWave,81,4328953
490,BringMeTheHorizon,80,4652023
491,Smiley,57,32634
492,ColbieCaillat,70,2435208
493,CityGirls,69,2178835
494,MarvinDivine,49,10985
495,VariousArtists,0,0
496,KevinGates,76,5637645
497,ChloexHalle,61,2024672
498,ZivZaifman,58,10990
499,DuncanLaurence,70,460900
500,Topic,76,197755
501,ShawnMendes,86,40796027
502,CentralCee,85,2473841
503,DeathCabforCutie,67,1441085
504,Phantogram,69,744180
505,IVE,75,1702593
506,PinkPantheress,81,1645728
507,RoyWoods,64,973992
508,Calboy,60,846971
509,CodyJohnson,75,796831
510,Mustard,75,1033451
511,TheKidLAROI,86,4328504
512,Cafuné,69,137715
513,EnriqueIglesias,78,11077478
514,DJDiddy,42,50254
515,JonathanGroff,65,103656
516,PhoebeBridgers,81,1587938
517,UnknownArtist,42,3228
518,NaughtyBoy,64,327933
519,Ludacris,78,2522962
520,Stormzy,76,2694544
521,KellyClarkson,77,9515116
522,KingVon,78,2622174
523,DonMcLean,65,837565
524,LeightonMeester,53,110322
525,LinkinPark,86,22644084
526,JORDY23,0,1591
527,Southside,59,81267
528,EmpireoftheSun,72,1252766
529,RitaOra,75,7913331
530,Giveon,81,2788229
531,RAC,63,160095
532,AvrilLavigne,78,9555330
533,ChrisYoung,69,2699350
534,R.Kelly,69,2497567
535,XXXTENTACION,89,40355881
536,AThousandHorses,43,72686
537,SOBXRBE,57,548767
538,TheGame,75,4423103
539,TionWayne,73,765294
540,ArminvanBuuren,76,4195735
541,IsaiahFirebrace,51,53683
542,MacDeMarco,83,3558915
543,JoeLew,25,426
544,Iron&Wine,65,1045271
545,MoxieRaia,40,19711
546,MrEazi,67,1041425
547,JohnDenver,70,1772518
548,Ledinsky,23,1916
549,PARTYNEXTDOOR,80,4719243
550,JarrydJames,47,110152
551,siouxxiesixxsta,61,172459
552,KCAMP,63,1552405
553,Kygo,82,8279335
554,NickiMinaj,87,27363454
555,Tritonal,58,224722
556,HaileeSteinfeld,73,8415125
557,ThirtySecondsToMars,69,3284755
558,Fredagain..,80,571840
559,Wale,72,3945715
560,DJDurel,34,5822
561,TheBardenBellas,58,159168
562,LESSERAFIM,79,1548314
563,BURNS,58,35552
564,TheChainsmokers,82,19909473
565,NLEChoppa,81,5762320
566,ChaseRice,65,1075892
567,Starley,58,189903
568,Macklemore,79,1991037
569,TVOnTheRadio,58,575149
570,PixelHood,44,645
571,OttoKnows,62,392708
572,BustaRhymes,73,2320881
573,DeanLewis,80,2422324
574,DimitriVegas&LikeMike,72,3316040
575,KaceyMusgraves,71,1199229
576,Glades,48,82356
577,PlayboiCarti,85,7628862
578,Maluma,86,33211344
579,BeachHouse,76,1770870
580,TaylerBuono,34,15496
581,MAGIC!,68,1299104
582,PerryComo,66,451690
583,Simon&Garfunkel,74,4473690
584,Lauv,78,5574636
585,KIDSSEEGHOSTS,63,905630
586,$NOT,75,1284733
587,KAROLG,88,32132514
588,MyChemicalRomance,79,7415989
589,TheNeighbourhood,86,11629399
590,NeonTrees,67,1211145
591,LouisArmstrong,72,2619002
592,SkylarGrey,70,558525
593,ElectricLightOrchestra,73,3615802
594,Portugal.TheMan,67,1354623
595,ElyOtto,59,115346
596,Nico&Vinz,64,507993
597,JennyDon'tAndTheSpurs,25,3257
598,MeatLoaf,66,990259
599,RyanHurd,62,221283
600,FivioForeign,73,1077952
601,DVBBS,66,1025735
602,yeahyeahyeah,47,2536
603,Wizkid,79,3296029
604,Destiny'sChild,73,6142553
605,RufusWainwright,60,301339
606,FrankSinatra,80,6077722
607,CateyShaw,40,21706
608,AndyWilliams,69,472513
609,LeonBridges,74,1495301
610,RomeoSantos,85,17663375
611,Tiësto,87,6724593
612,LeonaLewis,69,3458237
613,Latto,73,970337
614,Nevada,49,14948
615,LilNasX,83,12283865
616,Aerosmith,79,13129965
617,NOTD,68,260281
618,Pitbull,84,9833677
619,Redfoo,53,402516
620,Dreezy,55,688017
621,BabyKeem,81,1324121
622,SleepingAtLast,71,1323238
623,RainbowKittenSurprise,72,874803
624,MeganTheeStallion,81,7478835
625,AustinMahone,61,2027332
626,Grey,68,70861
627,Netsky,60,444477
628,WillPaquin,61,87457
629,MiikeSnow,58,620840
630,JohnMayer,80,5766993
631,ThomasRhett,75,4383245
632,ChristinaAguilera,80,7394427
633,LukeCombs,84,7928778
634,CapitalCities,68,833012
635,JeremyZucker,75,2114845
636,FlyboyTarantino,45,64029
637,Mr.Kitty,73,481031
638,Lovejoy,70,1242532
639,SurfMesa,64,155953
640,AC/DC,83,25670984
641,LeslieOdomJr.,72,217561
642,Saweetie,74,1740954
643,Flume,75,2356241
644,A$APFerg,74,3479780
645,NorahJones,75,2919144
646,BizMarkie,51,355460
647,PostMalone,90,39676118
648,TroyeSivan,77,7484681
649,TheRareOccasions,68,207478
650,Alesso,77,3902898
651,ThePogues,62,460612
652,BingCrosby,72,439892
653,M.I.A.,69,1197208
654,NardoWick,75,583174
655,JoelAdams,55,176271
656,RittMomney,61,124560
657,Common,64,861830
658,SaraKays,63,358112
659,Gorillaz,82,9957849
660,Normani,71,2288930
661,TheJackson5,70,1337188
662,3DoorsDown,72,3953009
663,HayleyWilliams,66,598760
664,MissingSoul,4,195
665,gnash,66,1590426
666,DylanScott,66,1335189
667,TWICE,84,16583539
668,forKING&COUNTRY,67,1063567
669,DanielCaesar,80,3787096
670,WarrenZevon,58,366848
671,NateSmith,68,168348
672,FujiiKaze,78,1728618
673,Dixie,52,1006636
674,Shoffy,53,115480
675,Madvillain,68,511497
676,FRENSHIP,55,184827
677,JackHarlow,82,2801280
678,ILOVEMAKONNEN,59,356992
679,FrancisandtheLights,51,149341
680,Nas,76,3159710
681,StillWoozy,70,893471
682,TheFiveStairsteps,50,73598
683,Mitski,81,4272725
684,ArianaGrande,91,87749638
685,GunsN'Roses,81,27673992
686,GreatBigSea,50,99482
687,FlightFacilities,62,428549
688,salemilese,68,296768
689,Aminé,70,1834267
690,Vacations,75,517777
691,HervePagez,35,5038
692,LilDicky,63,1924409
693,SteveLacy,85,2942867
694,PaulMcCartney,73,4286832
695,ZHU,66,812628
696,Mr.Probz,65,323773
697,ILLENIUM,75,1345767
698,AST3RR,9,247
699,ZachBryan,86,1118786
700,TearsForFears,75,2700588
701,Carnage,58,310243
702,Skrillex,80,8066697
703,AllTimeLow,72,2896808
704,HaleyReinhart,65,305197
705,LeithRoss,58,181087
706,JudyGarland,56,222032
707,VanessaCarlton,65,575626
708,Madeon,59,636543
709,AgustD,68,10742553
710,Birdy,73,3658053
711,Incubus,70,3013551
712,IceCube,77,6557115
713,Itzyungbaby,0,45082
714,DeadOrAlive,60,341355
715,SamFeldt,74,734928
716,DianeGuerrero,65,5546
717,SHAED,62,158022
718,Offset,80,2633978
719,TheJ.GeilsBand,59,743630
720,CashmereCat,57,320406
721,RobinThicke,66,1917479
722,dvsn,63,1139458
723,Chlöe,65,247695
724,EdIvory,39,938
725,CoreyKent,63,48687
726,She&Him,53,414259
727,WilburSoot,65,1625220
728,BLACKPINK,87,37438009
729,JayElectronica,61,293649
730,AndrewAndraos,20,10377
731,ABBA,82,9650782
732,Camilo,82,17421160
733,JamesBrown,65,2003034
734,TheKillers,79,6860053
735,LewisCapaldi,83,10476828
736,FrancescoYates,62,38211
737,Hotboii,65,352171
738,GoodGas,41,38512
739,EdSheeran,92,109386026
740,FortMinor,63,572210
741,Beyoncé,89,33556387
742,DonnyHathaway,62,521408
743,girlinred,77,5766051
744,RayParkerJr.,55,65521
745,YG,77,3028023
746,Fousheé,65,173791
747,JamesBay,73,3827871
748,FourTops,65,1001051
749,Y2K,65,287276
750,RodneyAtkins,63,1832847
751,MajorLazer,76,6333535
752,MartinSolveig,66,1210333
753,AugustAlsina,64,2467714
754,JimmyBuffett,68,734053
755,Zacari,69,83429
756,YBNNahmir,67,2944176
757,CharliXCX,78,2782566
758,JohnCarpenter,52,115678
759,JasonDerulo,81,11718548
760,A$APANT,65,269468
761,LilTjay,82,6202658
762,Karinah,38,2563
763,BlancoBrown,61,139302
764,LiamPayne,67,9996634
765,PhilCollins,77,4988635
766,The1975,83,6321028
767,SoFaygo,69,544782
768,DexysMidnightRunners,63,213341
769,OllyMurs,68,3281364
770,ROZES,62,114472
771,Surfaces,71,882966
772,NatalieCole,65,537522
773,Logic,79,5841811
774,AndrewGold,52,55478
775,SAINtJHN,73,931000
776,Jimin,75,3825721
777,DripReport,55,101135
778,QualityControl,69,1153547
779,HeadieOne,72,470389
780,KONGOS,55,273579
781,Mumford&Sons,74,6430636
782,JessieMurph,71,468404
783,SashaAlexSloan,72,1244989
784,Lorde,78,9915839
785,NicoleAtkins,38,30639
786,"Earth,Wind&Fire",75,3778810
787,CKay,74,1216342
788,Mariami,26,1746
789,HayleyKiyoko,63,1623747
790,JamesHersey,50,52490
791,YellowClaw,66,1028007
792,FloridaGeorgiaLine,77,5104731
793,LaurenSpencerSmith,71,856963
794,TaylorSwift,99,67786574
795,Lunay,73,7939304
796,Silentó,52,225722
797,Radiohead,82,7844749
798,Eminem,94,65941945
799,SelenaGomez,87,40064559
800,NF,81,7890048
801,ElijahBlake,44,222785
802,Audien,62,175787
803,AlecBenjamin,78,4136169
804,Grimes,71,1919872
805,KateHavnevik,33,26156
806,TomPetty,70,2128971
807,BestCoast,48,313728
808,TonesAndI,73,2994977
809,THE7,35,8039
810,QueenNaija,65,2627386
811,Palisades,50,163775
812,Ghost,77,2206663
813,50Cent,85,10097048
814,JoshTurner,66,2512466
815,KeysNKrates,52,191902
816,JordiRivera,27,4416
817,LanaDelRey,91,20930392
818,TaylorSwift,99,67786574
819,PetitBiscuit,64,931935
820,Diddy,75,1422994
821,Coldplay,90,41840199
822,SethMacFarlane,52,72145
823,BebeRexha,85,7968124
824,LillyWoodandThePrick,64,241933
825,PedroCapó,70,1554561
826,CamilaCabello,83,29372035
827,CORPSE,72,2278150
828,Mora,86,1399155
829,MykolaDmytrovychLeontovych,57,4319
830,SebastianYatra,83,20915031
831,bbno$,74,1174466
832,BenPlatt,66,462645
833,Khalid,87,15795867
834,HAIM,67,1240872
835,Cordae,71,1881077
836,MadeinTYO,65,1016174
837,Akon,82,3601534
838,JohnLegend,80,6402286
839,DillonFrancis,68,1118080
840,SylvanEsso,60,523911
841,Wham!,74,2204038
842,JustinTimberlake,82,12625563
843,GhostTownDJs,47,32160
844,DennisLloyd,68,628565
845,NellyFurtado,78,3339308
846,PhillipaSoo,67,57464
847,IngridAndress,65,118917
848,Bandaide,12,117
849,ChuckBerry,69,1744001
850,DJKhaled,80,9189911
851,KealaSettle,67,147551
852,LouisTomlinson,73,6669577
853,PinkFloyd,82,18352453
854,BassSantana,58,160343
855,TheHeadAndTheHeart,65,1027566
856,SurfCurse,72,869565
857,JamesBlunt,72,2732214
858,NikoMoon,59,89762
859,WALKTHEMOON,70,2024334
860,IvanCornejo,79,940910
861,SystemOfADown,81,8850253
862,SZA,96,10659506
863,Trans-SiberianOrchestra,57,305708
864,Motörhead,68,3537436
865,JohnLennon,73,5275993
866,Alvin&TheChipmunks,54,182435
867,MGMT,76,2711198
868,DarylHall&JohnOates,74,2024555
869,TravisMills,37,116052
870,KatDahlia,55,298042
871,LiSA,68,2779025
872,SebastianYatra,83,20915031
873,Daya,71,1460854
874,TheCranberries,74,3230292
875,OliverTree,84,2166219
876,TheNotoriousB.I.G.,80,8535482
877,ModestMouse,66,1352555
878,"Tyler,TheCreator",87,10472380
879,Kina,71,760903
880,JamesonRodgers,60,64479
881,Autumn!,66,288230
882,MichaelBublé,80,5706426
883,Blackstreet,65,697244
884,KatieGregson-MacLeod,55,84915
885,JayRock,74,1357611
886,LondonSinfonietta,50,6764
887,BryceVine,67,476474
888,JamesArthur,83,11099674
889,Likybo,46,45049
890,KennyChesney,72,4181179
891,Ajdaguru,10,4079
892,DannyOcean,80,4720527
893,MoneyMan,70,500548
894,CleanBandit,77,5078130
895,BenHoward,67,1966822
896,LadyGaga,89,25118351
897,AshleyCooke,61,64174
898,AaronCarter,48,306208
899,CobraStarship,60,491211
900,FrenchMontana,77,4870662
901,Hanson,61,438682
902,JaxJones,75,1085029
903,SnowPatrol,70,2767233
904,LilSkies,72,4906268
905,MarilynManson,71,3842874
906,Ms.LaurynHill,74,2364574
907,Maroon5,87,39611893
908,MachineGunKelly,82,4975068
909,DUSTYLOCANE,66,355778
910,TheCitizensofHalloween,49,15585
911,JPCooper,70,833544
912,"Bobby""Boris""Pickett",42,17621
913,Mozzy,67,697982
914,ClaireRosinkranz,65,345921
915,BoyWithUke,78,3036099
916,BIA,71,418374
917,OtisRedding,72,2044003
918,RauwAlejandro,91,15591777
919,StephenSanchez,81,451496
920,YoungBoyNeverBrokeAgain,86,10470083
921,EddieRabbitt,56,347900
922,ACRAZE,72,84662
923,LennonStella,68,359965
924,CageTheElephant,76,3149706
925,BeckyG,80,13053714
926,AdamLambert,64,1443658
927,Arcángel,88,9849210
928,ClintonKane,71,865368
929,PaulSimon,70,2030204
930,TheWeeknd,98,58464012
931,ConanGray,82,7538510
932,NateRuess,66,222878
933,WhitneyHouston,79,8888836
934,BishopBriggs,65,792772
935,CountingCrows,70,1604450
936,TheStrokes,78,4784354
937,AnuelAA,90,26782414
938,Quavo,82,6326401
939,Soleima,42,17653
940,Russ,79,4691015
941,Sueco,67,502163
942,ROSALÍA,87,6729011
943,22Savage,24,50122
944,NiallHoran,77,9181218
945,BruceSpringsteen,78,5351229
946,88rising,70,879264
947,BANNERS,68,560791
948,Ashe,72,1333414
949,Blxst,73,380463
950,Pretenders,66,1328562
951,MorganWallen,89,4916112
952,MatthewWilder,59,37226
953,DannyElfman,65,348662
954,MikeWiLLMade-It,67,1475039
955,Jax,66,426385
956,MaryliMorett,15,298
957,MurdaBeatz,60,129948
958,LilyAllen,69,1954769
959,YungBleu,69,1265927
960,DavidNail,56,375633
961,LukeBryan,77,7982445
962,HVME,67,55970
963,Dreamville,70,491395
964,VICMENSA,62,600094
965,AmyGrant,59,202574
966,DjounaBig-One,13,1391
967,AWOLNATION,64,2102081
968,Jaudy,41,24239
969,NERVO,57,749504
970,JessieWare,64,695498
971,DanielMarcus,22,27
972,ConradSewell,62,108668
973,ShotgunShane,47,77915
974,YungGravy,74,1556048
975,JBalvin,89,36576407
976,NatalieLaRose,53,108080
977,THESCOTTS,60,182917
978,TheAll-AmericanRejects,68,2446280
979,blink-182,79,7409290
980,TeyanaTaylor,65,1624303
981,Måneskin,85,6886722
982,Paramore,82,7533946
983,FatherJohnMisty,64,726229
984,MikePerry,70,1464252
985,KidRock,68,2299268
986,WESTSIDEBOOGIE,62,277466
987,MuscadineBloodline,63,163154
988,FatJoe,69,1500481
989,LilUziVert,89,14541273
990,ShawnHook,47,61698
991,Anderson.Paak,82,2298995
992,HunterHayes,61,1226122
993,GHerbo,74,1722466
994,Sigrid,64,662840
995,VanHalen,74,5233596
996,DuaLipa,90,38673818
997,MarvinGaye,75,4867147
998,SwaeLee,79,1613236
999,LaurenDaigle,71,2296939
1000,YUNGBLUD,73,2042310
1001,MuniLong,66,221472
1002,TheProclaimers,64,284515
1003,TreySongz,72,7081158
1004,TobyKeith,70,1930236
1005,fun.,68,3510885
1006,TateMcRae,83,3388808
1007,ToveStyrke,55,156007
1008,Rixton,64,742621
1009,SuburbanDZ,58,66
1010,Farruko,86,14681117
1011,AstridS,69,1279426
1012,Journey,76,4791113
1013,DjangoReinhardt,55,362634
1014,StrayKids,85,10418224
1015,2Chainz,78,7644798
1016,SouljaBoy,71,1722865
1017,SleepyHallow,79,1258583
1018,ArianaGrande,91,87749638
1019,TheWeeknd,98,58464012
1020,TrevorDaniel,68,738169
1021,Tyga,83,6740576
1022,Slipknot,81,9192516
1023,Prince,73,6581678
1024,SummerWalker,82,4646340
1025,Eminem,94,65941945
1026,MiCLOWRY,40,48591
1027,ThirdEyeBlind,65,1417052
1028,AtlasGenius,50,332964
1029,KellinQuinn,67,62971
1030,NoahCyrus,74,1096516
1031,MichelleWilliams,61,10035
1032,MeganMoroney,65,54636
1033,Cooliecut,57,195785
1034,CalvinHarris,87,23178921
1035,Galantis,76,3320066
1036,GymClassHeroes,71,1429485
1037,IrvingBerlin,38,26945
1038,MisterWives,60,426080
1039,Rema,83,1845670
1040,JoshuaBassett,66,925997
1041,OliviaHolt,51,1086110
1042,TheBeachBoys,74,3982353
1043,TheWombats,67,1032509
1044,BrettEldredge,66,1430920
1045,JoshGroban,63,847595
1046,MaggieLindemann,67,1906110
1047,DropkickMurphys,65,1145291
1048,Comethazine,67,2131333
1049,DLOW,29,28473
1050,EarthaKitt,58,157482
1051,FlippDinero,62,1187612
1052,LeeGreenwood,45,49927
1053,FifthHarmony,71,15326612
1054,GangStarr,65,830847
1055,ThomasGold,52,166117
1056,BillyCurrington,67,2485568
1057,nonamenofamenoface,0,3
1058,Tems,77,977289
1059,AronChupa,62,389156
1060,DaddyYankee,89,31445044
1061,BRONSON,53,45160
1062,TheChicks,68,1335241
1063,Santana,73,2893978
1064,BensonBoone,74,517812
1065,MichaelRay,57,455575
1066,Kiiara,63,888482
1067,Takeoff,77,1390954
1068,21Savage,94,12799555
1069,DeanMartin,74,1439254
1070,YoungGreatness,37,65737
1071,FireboyDML,73,1474121
1072,A$APMob,63,1991943
1073,TechN9ne,71,2618437
1074,DrakeotheRuler,65,291781
1075,Weezer,75,3012405
1076,FettyWap,72,4436329
1077,J.IthePrinceofN.Y,65,845790
1078,BellaPoarch,68,963160
1079,Foals,66,1319257
1080,EricBellinger,66,778668
1081,KylieMinogue,71,1625261
1082,TimMcGraw,73,4274273
1083,LeonBridges,74,1495301
1084,AvaMax,84,5803792
1085,hemlockesprings,57,107105
1086,Blueface,71,5799246
1087,Miguel,84,4467079
1088,PaperRouteEMPIRE,59,36484
1089,Fergie,71,5304067
1090,Bleachers,64,587724
1091,NickyJam,83,18523181
1092,HilaryDuff,59,2225155
1093,RonnyJ,50,381304
1094,Rudimental,70,1352665
1095,YoungNudy,74,1074962
1096,GracePotter,56,99195
1097,RobertDeLong,46,113260
1098,CNCO,72,9511134
1099,NoRome,55,190654
1100,Jamiexx,63,736922
1101,AskingAlexandria,67,1943963
1102,BigShaq,48,327072
1103,Vundabar,69,271673
1104,TheDisneyHolidayChorus,45,5149
1105,DRAM,64,834368
1106,*NSYNC,69,1940420
1107,JoshuaHyslop,60,57754
1108,SteveAngello,59,576889
1109,DemiLovato,81,24216981
1110,NextYoungin,48,38512
1111,PyotrIlyichTchaikovsky,72,1093048
1112,YoungtheGiant,68,1468733
1113,EdwardSharpe&TheMagneticZeros,64,1014703
1114,ParkerMcCollum,70,286715
1115,BrunoMajor,69,1062579
1116,YoungM.A,63,1355221
1117,Gesaffelstein,78,474809
1118,ChrisJanson,61,300380
1119,TheBandCAMINO,64,328692
1120,WillDailey,23,4707
1121,SAYGRACE,59,175674
1122,WyclefJean,73,288502
1123,Ginuwine,68,2367564
1124,OliviaRodrigo,85,23987646
1125,TOKYO’SREVENGE,61,459078
1126,Bas,69,489092
1127,CardiB,83,21095912
1128,Powfu,73,1143977
1129,Amaarae,67,151194
1130,LinkinPark,86,22644084
1131,MajidJordan,69,820342
1132,BlueÖysterCult,65,1370803
1133,ROSÉ,66,3557471
1134,Vedo,66,378888
1135,TrioVegabajeño,40,12737
1136,Delacey,48,41045
1137,Hazers,36,2273
1138,JanelleMonáe,68,1294152
1139,ThePlatters,62,664855
1140,BobbyHelms,66,30140
1141,ThxSoMch,75,134186
1142,PassionPit,60,1234215
1143,ZayHilfigerrr,43,62590
1144,AlabamaShakes,63,1568594
1145,JasonFrench,20,2940
1146,ChuchoFlash,34,9309
1147,TylaYaweh,64,493923
1148,JungKook,79,6073683
1149,Timeflies,55,327299
1150,AURORA,77,2805386
1151,Rvssian,72,2223905
1152,DustinLynch,68,2031222
1153,LaurenJauregui,59,1285066
1154,LilPeep,85,9583651
1155,MartinJensen,69,1333791
1156,NatKingColeTrio,57,150895
1157,VinceGuaraldiTrio,65,127726
1158,Townhall,1,198
1159,BrysonTiller,81,6545391
1160,GucciMane,79,4680736
1161,PeterManos,49,67802
1162,Baxuz,21,14
1163,Thexx,68,3857020
1164,lilShordieScott,53,32786
1165,Celeste,64,395608
1166,WhoIsFancy,42,37031
1167,VinceStaples,70,1702155
1168,JackWhite,60,1293485
1169,BeachWeather,73,299673
1170,LostFrequencies,79,2581368
1171,RyanAdams,60,553369
1172,SupremeCartelFye,43,9760
1173,Kiesza,58,289444
1174,24kGoldn,75,1970078
1175,BrentFaiyaz,83,3324719
1176,DJLukeNasty,49,135212
1177,ChantelJeffries,38,43904
1178,DavidKushner,65,337298
1179,Regard,72,206355
1180,JaggedEdge,64,1937993
1181,LittleBigTown,67,2627021
1182,SadaBaby,60,442397
1183,TalkingHeads,71,2065629
1184,MKTO,68,1017960
1185,Dreamville,70,491395
1186,YungLean,68,781896
1187,ZacBrownBand,74,3436123
1188,IngridMichaelson,62,790416
1189,TheBandPerry,59,1550502
1190,PeterJ.Wilhousky,32,210
1191,JoeyBada$$,76,2906959
1192,Solange,64,1905582
1193,RickJames,62,1084301
1194,Drake,98,71881198
1195,CarlieHanson,54,431826
1196,SilkCity,58,77912
1197,AliGatie,72,2014365
1198,ZAYN,78,21908744
1199,Diplo,80,2530382
1200,Omarion,62,2690777
1201,TomWalker,70,1022841
1202,SanHolo,60,675394
1203,HunchoJack,61,1084553
1204,6ix9ine,74,6774238
1205,ImagineDragons,90,45555229
1206,MaryJ.Blige,73,3434711
1207,SocialHouse,67,142076
1208,TheLumineers,79,5023699
1209,Sugarland,60,1807439
1210,KeithUrban,72,5028456
1211,LilBaby,91,13051721
1212,NewJeans,87,2189567
1213,MelanieMartinez,80,16342468
1214,MohandBadz,0,8
1215,JVKE,83,1600130
1216,TempleOfTheDog,58,1115974
1217,MattMaltese,71,311881
1218,Hozier,80,5396187
1219,TonyBennett,67,781073
1220,ArethaFranklin,72,3072024
1221,Yandel,83,6610279
1222,MyMorningJacket,57,509567
1223,DNCE,71,4404485
1224,Roar,65,470582
1225,DMX,72,4054541
1226,MikeDimes,64,160916
1227,JhayCortez,62,5050948
1228,Migos,79,12948580
1229,YotClub,71,273717
1230,TheFray,71,3841068
1231,BakaNotNice,45,130103
1232,KidInk,70,2945878
1233,Hoogway,63,11162
1234,AmericanAuthors,68,1463299
1235,DeclanMcKenna,67,888238
1236,DarleneLove,63,49667
1237,JonBellion,69,1345270
1238,OneDirection,87,29469176
1239,AlunaGeorge,64,431695
1240,MirandaLambert,74,3457085
1241,Evanescence,74,3705814
1242,ChinaAnneMcClain,60,649183
1243,Madonna,80,6732797
1244,GerryRafferty,62,290430
1245,Cochise,70,486850
1246,LilDurk,85,5127752
1247,CAZZETTE,51,334354
1248,RichGang,54,2139
1249,CélineDion,76,7043661
1250,MissyElliott,72,2146242
1251,NITTI,57,75953
1252,Years&Years,71,1944734
1253,KaliUchis,83,3579985
1254,DeJLoaf,66,1521572
1255,ColeSwindell,70,1997983
1256,MontellFish,75,757873
1257,SamFischer,68,220744
1258,TylerHubbard,68,48217
1259,NoahKahan,78,662096
1260,JessieReyez,78,1256728
1261,JaymesYoung,73,856902
1262,AddisonRae,45,249893
1263,TravieMcCoy,64,354447
1264,WILLOW,75,2273255
1265,KREAM,63,232035
1266,KaashPaige,69,318255
1267,Stromae,75,2856073
1268,ActionBronson,65,747587
1269,M.O.P.,54,303664
1270,KenshiYonezu,76,4585831
1271,Turbo,44,13827
1272,Ayo&Teo,59,891011
1273,DJESCO,49,281918
1274,4*TOWN(FromDisneyandPixar’sTurningRed),59,253602
1275,MatthewKoma,60,101844
1276,ManuelTurizo,86,11467513
1277,VinceGill,65,510783
1278,MCityJR,42,17095
1279,Tankhead,27,4471
1280,NEIKED,67,148775
1281,DorisDay,59,400057
1282,Reik,81,8009394
1283,BlackEyedPeas,83,7231283
1284,Alexander23,65,354483
1285,JuliaMichaels,77,4756213
1286,BrendonUrie,64,102517
1287,ChiefKeef,77,3686926
1288,JessicaDarrow,61,17426
1289,LorenAllred,61,126775
1290,Huddy,53,364719
1291,Sech,84,11493583
1292,Shakira,92,26999672
1293,TheStrumbellas,59,252399
1294,Zendaya,72,3753931
1295,Krisu,42,20479
1296,RenéeEliseGoldsberry,63,28502
1297,BowWowWow,41,99509
1298,TheTemptations,69,2617776
1299,EmpireCast,55,576847
1300,NessaBarrett,72,984567
1301,HaydenJames,63,236081
1302,DaveMatthewsBand,66,1827089
1303,Dawin,52,225014
1304,DavidGuetta,91,25498459
1305,Yeat,84,1786458
1306,ArizonaZervas,69,703312
1307,Nirvana,83,16960954
1308,JordanDavis,75,815681
1309,FaithHill,66,1679879
1310,CarolinaGaitán-LaGaita,63,48169
1311,KidTrunks,51,299218
1312,RealestK,69,250588
1313,SofiaKarlberg,55,247600
1314,RickyMontgomery,71,1431181
1315,SamCooke,69,1447291
1316,KingsofLeon,76,5135377
1317,KyleDixon&MichaelStein,57,104624
1318,KAYTRANADA,71,1136922
1319,SabrinaCarpenter,80,5006801
1320,JasonMraz,74,6943967
1321,MonsieurPeriné,60,546067
1322,JasonAldean,76,5848731
1323,GreenDay,81,13777552
1324,BobbyShmurda,61,1406427
1325,TreyLewis,56,84133
1326,TheRonettes,66,230697
1327,TheSeasideResort,5,36
1328,ChrisJedi,71,2268397
1329,UglyGod,54,2063882
1330,Commodores,66,1640682
1331,St.Lucia,51,236621
1332,LilXan,61,2286902
1333,omgkirby,60,37727
1334,WhyDon'tWe,72,3461065
1335,EllieGoulding,81,11636962
1336,ChrisCornell,62,1938878
1337,Dr.Dre,82,8948119
1338,IsaiahRashad,69,1243099
1339,DaftPunk,83,9188173
1340,JonasBrothers,77,6771914
1341,SamSmith,91,21750026
1342,LANY,76,5314501
1343,OldDominion,71,1313560
1344,BrunoMars,90,46328556
1345,Eazy-E,68,4690194
1346,TLC,70,3429327
1347,TheNakedAndFamous,59,701998
1348,d4vd,83,671472
1349,LadyGaga,89,25118351
1350,CicoP,49,21492
1351,HoodieAllen,64,700909
1352,AlessiaCara,77,11143408
1353,MeghanTrainor,84,12862138
1354,TheWalters,73,453933
1355,OneRepublic,86,15044037
1356,BlocBoyJB,62,1383153
1357,VampireWeekend,67,1836866
1358,PauloLondra,81,20527577
1359,RascalFlatts,70,3424853
1360,Rihanna,91,52623375
1361,LaineyWilson,73,169329
1362,RedOne,62,57437
1363,Carpenters,70,2697691
1364,PardisonFontaine,51,186202
1365,DJMany,16,8163
1366,B.B.King,64,2526354
1367,PushaT,74,2679825
1368,CatfishandtheBottlemen,65,975001
1369,SpiceGirls,70,2980372
1370,MattTerry,45,125911
1371,AnitaKerrSingers,29,3374
1372,BryanAdams,77,2984349
1373,PiaMia,61,1874854
1374,BeaMiller,71,2885073
1375,NexXthursday,34,12330
1376,LunchMoneyLewis,56,89935
1377,StephanieBeatriz,69,39160
1378,grandson,69,1033349
1379,JuiceWRLD,92,27763849
1380,R.City,65,131741
1381,ESTGee,72,358222
1382,PRXZY,43,2850
1383,TravisScott,91,21871186
1384,Kungs,71,887685
1385,KidCudi,83,6312935
1386,G.R.L.,58,385263
1387,KateBush,74,1628833
1388,TomOdell,81,2865667
1389,JohnMellencamp,67,1478383
1390,JhenéAiko,79,6198272
1391,EltonJohn,86,10989999
1392,KevinAbstract,59,693776
1393,Passenger,73,3121442
1394,Mabel,71,1757464
1395,XAmbassadors,75,2802648
1396,Oasis,78,8289866
1397,LosLegendarios,66,79169
1398,CarlyRaeJepsen,75,5186437
1399,Outkast,77,2156846
1400,BankrolHayden,67,509899
1401,Lizzo,81,5404945
1402,MoneybaggYo,79,3466669
1403,FallOutBoy,81,9804060
1404,PoppHunna,47,60238
1405,ArmaniWhite,71,432499
1406,Madden,39,45604
1407,TheBlackKeys,72,3816393
1408,TerrorReid,58,258301
1409,FrankOcean,86,10620253
1410,KimCesarion,41,37788
1411,Ishi,37,6249
1412,Foudeqush,64,27548
1413,Vigiland,61,267896
1414,OmahLay,73,981603
1415,LANCO,55,372081
1416,Shaggy,75,1875985
1417,YFNLucci,59,2305551
1418,MAX,71,797148
1419,PowersPleasant,53,60619
1420,OzzyOsbourne,74,4618052
1421,"ArtistsOfThen,Now&Forever",44,15962
1422,IsabelLaRosa,74,214560
1423,BrothersOsborne,65,1110000
1424,TrippieRedd,86,8407491
1425,Jaden,70,1843328
1426,Wrabel,66,230830
1427,MadisonBeer,74,5625336
1428,DasSoundMachine,43,19747
1429,NicoSegal,51,190248
1430,DJScheme,65,228407
1431,Anitta,82,12658924
1432,MitchellTenpenny,68,375185
1433,SadieJean,64,130563
1434,PhoebeRyan,58,347548
1435,CarrieUnderwood,74,5620903
1436,BadBunny,100,64430223
1437,NatKingCole,74,1984393
1438,BlakeShelton,74,6894408
1439,MusicalYouth,58,65626
1440,Wisin&Yandel,83,6039869
1441,Kansas,68,1340054
1442,TroyAve,48,144144
1443,EarlSweatshirt,71,1942555
1444,CoiLeray,77,462303
1445,B.o.B,75,2059624
1446,KentJones,50,108986
1447,RM,78,12615745
1448,WesWalker,49,16748
1449,GeraMX,78,3955718
1450,FitzandTheTantrums,68,815964
1451,JackHarlow,82,2801280
1452,EricaBanks,54,97638
1453,BhadBhabie,59,3117772
1454,MorganWallen,89,4916112
1455,Redbone,61,208576
1456,LosDelLimit,65,530520
1457,atWendys,13,16644
1458,iLoveMemphis,44,110494
1459,GwenStefani,75,5814364
1460,SteveAoki,77,3723722
1461,HarryBelafonte,59,171888
1462,Trouble,48,114945
1463,ChelseaCutler,72,635328
1464,PopSmoke,85,12032198
1465,StaySolidRocky,61,164478
1466,SeanPaul,81,4230657
1467,YoungThug,86,7941877
1468,MarenMorris,74,716818
1469,Nause,46,194403
1470,RLGrime,63,399603
1471,MykeTowers,88,10513527
1472,Dan+Shay,73,2853634
1473,Kesha,78,7509265
1474,Usher,81,10295667
1475,LeahKate,64,146918
1476,Jacquees,71,2366548
1477,Alok,81,12023754
1478,RedHotChiliPeppers,84,19159442
1479,KillerMike,64,282190
1480,OmarApollo,75,736309
1481,Zedd,77,5889770
1482,Kaskade,69,909778
1483,Echosmith,62,593850
1484,Cults,76,584475
1485,Aventura,79,6861461
1486,Kehlani,78,6581858
1487,JAY-Z,86,7975709
1488,MFDOOM,78,1792781
1489,Plies,65,1722794
1490,JasmineThompson,68,861050
1491,PartyFavor,58,169208
1492,FamousDex,62,2433256
1493,HaileyWhitters,61,45655
1494,TOTO,74,2520413
1495,LittleNell,45,2187
1496,PeachTreeRascals,62,211863
1497,DJJazzyJeff&TheFreshPrince,54,348729
1498,LilEazzyy,60,129759
1499,KrisKrossAmsterdam,65,191551
1500,42Dugg,74,774085
1501,LittleMix,78,11153116
1502,WizKhalifa,84,10904434
1503,AnnenMayKantereit,71,1520831
1504,EmmyMeli,57,154533
1505,Priory,28,18707
1506,SugarRay,61,872259
1507,FreeNationals,64,238407
1508,JustinTimberlake,82,12625563
1509,Ciara,71,6025529
1510,OBOBrien,36,17124
1511,ChristinaPerri,73,3506726
1512,MysterySkulls,53,205029
1513,Labrinth,81,2677602
1514,AndreasWeise,38,7868
1515,KayStarr,55,45839
1516,N.E.R.D,59,784166
1517,T.I.,76,4481237
1518,StanKenton,36,23472
1519,DSmoke,57,423355
1520,ReginaSpektor,64,1325428
1521,Stargate,47,14030
1522,TheRoots,62,1260120
1523,KalinandMyles,41,172913
1524,JonasBlue,76,3734088
1525,Kookei,26,1898
1526,Jerreau,41,31749
1527,LilDred,37,5112
1528,RobinSchulz,83,3028867
1529,Jack&Jack,63,1402843
1530,LilMosey,72,4966640
1531,RexOrangeCounty,79,5046668
1532,BANKS,62,1031040
1533,TameImpala,82,6209465
1534,Jimin,75,3825721
1535,RodStewart,74,4013334
1536,DJSnake,79,8363737
1537,Maddie&Tae,66,1023230
1538,Shallou,62,202810
1539,Jawsh685,64,109394
1540,LauraLes,61,106964
1541,JoniMitchell,57,1265069
1542,RebelWilson,28,3537
1543,P!nk,83,14540495
1544,Soundgarden,69,3862244
1545,FleetwoodMac,82,9386006
1546,Tainy,79,1207167
1547,Donya,33,31150
1548,ÑengoFlow,85,4164954
1549,AJR,77,2791783
1550,Eve,69,1191426
1551,BrantleyGilbert,68,2779563
1552,ZacEfron,70,765537
1553,TheLongestJohns,59,191292
1554,Hearts&Colors,52,137211
1555,Pi’erreBourne,66,795482
1556,NeilDiamond,69,2268840
1557,Dynoro,68,251305
1558,D'Angelo,63,1153610
1559,Florence+TheMachine,77,6204346
1560,DJDrama,67,1369804
1561,ArianaGrande,91,87749638
1562,IU,73,7764636
1563,Sublime,72,2435988
1564,CatieTurner,56,128995
1565,GrupoFrontera,85,347937
1566,Rush,68,2044306
1567,JACKBOYS,67,513306
1568,DojaCat,89,24362303
1569,StraightNoChaser,50,168936
1570,AlanWalker,82,37008282
1571,FLETCHER,71,759541
1572,PaulRosenberg,34,3823
1573,2Pac,82,14555155
1574,OfMonstersandMen,70,3449095
1575,JustinBieber,92,69860429
1576,GeorgeMichael,74,4115788
1577,PSY,68,1604465
1578,Joji,86,8028924
1579,FKAtwigs,67,1115634
1580,SageTheGemini,66,835952
1581,BoBurnham,74,1676959
1582,RuthB.,77,2695879
1583,SukiWaterhouse,66,236698
1584,KingPrincess,62,1665817
1585,WakaFlockaFlame,68,2581129
1586,DuranDuran,70,2520551
1587,Ambjaay,42,41541
1588,Twelve'len,47,12887
1589,JamesBlake,68,1300245
1590,PurityRing,54,581324
1591,mazie,65,93201
1592,TeeGrizzley,70,3226546
1593,Vaults,50,80279
1594,Tinashe,70,2533399
1595,LilWayne,87,13133016
1596,Jenkiss,56,1048
1597,blackbear,80,4836493
1598,Kinneret,62,64133
1599,ODESZA,72,1450600
1600,LeonardCohen,67,3002438
1601,BandaSinaloenseMSdeSergioLizárraga,58,253749
1602,DevinDawson,59,198249
1603,Bazzi,74,5319372
1604,RaeSremmurd,75,7055007
1605,Friyie,34,13059
1606,MoonTaxi,53,178763
1607,SamHunt,72,2272033
1608,EricChurch,73,3652026
1609,ShorelineMafia,69,1064719
1610,VÉRITÉ,53,301934
1611,H.E.R.,78,6021483
